{"cameraMode":{"drawMode":0,"name":"Shaded","section":"Shading Mode"},"sceneLighting":true,"audioPlay":false,"sceneViewState":{"showFog":true,"showMaterialUpdate":false,"showSkybox":true,"showFlares":true,"showImageEffects":true,"showParticleSystems":true},"in2DMode":false,"pivot":{"x":4.101809024810791,"y":-0.5027331113815308,"z":-3.3699076175689699},"rotation":{"x":-0.10274097323417664,"y":0.8899606466293335,"z":-0.2480386197566986,"w":-0.3686337471008301},"size":26.445148468017579,"orthographic":false}